image,M,K,filter,timing_scope,runs,mean_ms,std_ms,min_ms,max_ms,max_abs_error,input_sha256,source_csv
geometry,512,3,mean,compute,3,2.345,0.08119113252073759,2.273,2.433,3.38182e-05,4b8a43c6f0d563c8316e42e6b8532bae5b9a3a638250be94a5742c5e1867dac5,results/raw/A-20261006-195441-part81-cpu-local/geometry-M512-K3-mean.csv
geometry,512,3,mean,end_to_end,3,2.345,0.08119113252073759,2.273,2.433,3.38182e-05,4b8a43c6f0d563c8316e42e6b8532bae5b9a3a638250be94a5742c5e1867dac5,results/raw/A-20261006-195441-part81-cpu-local/geometry-M512-K3-mean.csv
geometry,512,5,mean,compute,3,4.431333333333334,0.22526724869215536,4.2,4.65,7.35372e-05,4b8a43c6f0d563c8316e42e6b8532bae5b9a3a638250be94a5742c5e1867dac5,results/raw/A-20261006-195441-part81-cpu-local/geometry-M512-K5-mean.csv
geometry,512,5,mean,end_to_end,3,4.431333333333334,0.22526724869215536,4.2,4.65,7.35372e-05,4b8a43c6f0d563c8316e42e6b8532bae5b9a3a638250be94a5742c5e1867dac5,results/raw/A-20261006-195441-part81-cpu-local/geometry-M512-K5-mean.csv
geometry,512,7,mean,compute,3,9.677,0.09328987083279733,9.575,9.758,0.000119058,4b8a43c6f0d563c8316e42e6b8532bae5b9a3a638250be94a5742c5e1867dac5,results/raw/A-20261006-195441-part81-cpu-local/geometry-M512-K7-mean.csv
geometry,512,7,mean,end_to_end,3,9.677,0.09328987083279733,9.575,9.758,0.000119058,4b8a43c6f0d563c8316e42e6b8532bae5b9a3a638250be94a5742c5e1867dac5,results/raw/A-20261006-195441-part81-cpu-local/geometry-M512-K7-mean.csv
geometry,1024,3,mean,compute,3,9.254999999999999,0.08601744009211185,9.168,9.34,3.7685e-05,4dbb723d97ec8e3af619363b6346c1c61bef8810800d736056a7050513bed05e,results/raw/A-20261006-195441-part81-cpu-local/geometry-M1024-K3-mean.csv
geometry,1024,3,mean,end_to_end,3,9.254999999999999,0.08601744009211185,9.168,9.34,3.7685e-05,4dbb723d97ec8e3af619363b6346c1c61bef8810800d736056a7050513bed05e,results/raw/A-20261006-195441-part81-cpu-local/geometry-M1024-K3-mean.csv
geometry,1024,5,mean,compute,3,17.819333333333333,0.466036836884526,17.333,18.262,7.83131e-05,4dbb723d97ec8e3af619363b6346c1c61bef8810800d736056a7050513bed05e,results/raw/A-20261006-195441-part81-cpu-local/geometry-M1024-K5-mean.csv
geometry,1024,5,mean,end_to_end,3,17.819333333333333,0.466036836884526,17.333,18.262,7.83131e-05,4dbb723d97ec8e3af619363b6346c1c61bef8810800d736056a7050513bed05e,results/raw/A-20261006-195441-part81-cpu-local/geometry-M1024-K5-mean.csv
geometry,1024,7,mean,compute,3,39.30833333333334,0.6585334716879115,38.646,39.963,0.000133866,4dbb723d97ec8e3af619363b6346c1c61bef8810800d736056a7050513bed05e,results/raw/A-20261006-195441-part81-cpu-local/geometry-M1024-K7-mean.csv
geometry,1024,7,mean,end_to_end,3,39.30833333333334,0.6585334716879115,38.646,39.963,0.000133866,4dbb723d97ec8e3af619363b6346c1c61bef8810800d736056a7050513bed05e,results/raw/A-20261006-195441-part81-cpu-local/geometry-M1024-K7-mean.csv
geometry,2048,3,mean,compute,3,36.220666666666666,0.08829684781085503,36.12,36.285,2.82899e-05,2b3d6a0d46400da3a83ba7de80bae8089104a274b777be2c369497c7784a6890,results/raw/A-20261006-195441-part81-cpu-local/geometry-M2048-K3-mean.csv
geometry,2048,3,mean,end_to_end,3,36.220666666666666,0.08829684781085503,36.12,36.285,2.82899e-05,2b3d6a0d46400da3a83ba7de80bae8089104a274b777be2c369497c7784a6890,results/raw/A-20261006-195441-part81-cpu-local/geometry-M2048-K3-mean.csv
geometry,2048,5,mean,compute,3,74.72633333333333,8.288486612967015,68.621,84.162,8.36253e-05,2b3d6a0d46400da3a83ba7de80bae8089104a274b777be2c369497c7784a6890,results/raw/A-20261006-195441-part81-cpu-local/geometry-M2048-K5-mean.csv
geometry,2048,5,mean,end_to_end,3,74.72633333333333,8.288486612967015,68.621,84.162,8.36253e-05,2b3d6a0d46400da3a83ba7de80bae8089104a274b777be2c369497c7784a6890,results/raw/A-20261006-195441-part81-cpu-local/geometry-M2048-K5-mean.csv
geometry,2048,7,mean,compute,3,155.39866666666666,1.9093512859956807,153.969,157.567,0.000173343,2b3d6a0d46400da3a83ba7de80bae8089104a274b777be2c369497c7784a6890,results/raw/A-20261006-195441-part81-cpu-local/geometry-M2048-K7-mean.csv
geometry,2048,7,mean,end_to_end,3,155.39866666666666,1.9093512859956807,153.969,157.567,0.000173343,2b3d6a0d46400da3a83ba7de80bae8089104a274b777be2c369497c7784a6890,results/raw/A-20261006-195441-part81-cpu-local/geometry-M2048-K7-mean.csv
geometry,512,3,edge,compute,3,2.3223333333333334,0.04611218204914334,2.27,2.357,0.0,4b8a43c6f0d563c8316e42e6b8532bae5b9a3a638250be94a5742c5e1867dac5,results/raw/A-20261006-195441-part81-cpu-local/geometry-M512-K3-edge.csv
geometry,512,3,edge,end_to_end,3,2.3223333333333334,0.04611218204914334,2.27,2.357,0.0,4b8a43c6f0d563c8316e42e6b8532bae5b9a3a638250be94a5742c5e1867dac5,results/raw/A-20261006-195441-part81-cpu-local/geometry-M512-K3-edge.csv
geometry,512,3,sharpen,compute,3,2.3046666666666664,0.03453018003621381,2.276,2.343,6.50138e-05,4b8a43c6f0d563c8316e42e6b8532bae5b9a3a638250be94a5742c5e1867dac5,results/raw/A-20261006-195441-part81-cpu-local/geometry-M512-K3-sharpen.csv
geometry,512,3,sharpen,end_to_end,3,2.3046666666666664,0.03453018003621381,2.276,2.343,6.50138e-05,4b8a43c6f0d563c8316e42e6b8532bae5b9a3a638250be94a5742c5e1867dac5,results/raw/A-20261006-195441-part81-cpu-local/geometry-M512-K3-sharpen.csv
frequency,512,3,mean,compute,3,2.2929999999999997,0.019974984355438256,2.276,2.315,3.34904e-05,e2442d329e9f3b4252eb7f7e382e688b226bc75b0fcddd124f951e40c63c3662,results/raw/A-20261006-195441-part81-cpu-local/frequency-M512-K3-mean.csv
frequency,512,3,mean,end_to_end,3,2.2929999999999997,0.019974984355438256,2.276,2.315,3.34904e-05,e2442d329e9f3b4252eb7f7e382e688b226bc75b0fcddd124f951e40c63c3662,results/raw/A-20261006-195441-part81-cpu-local/frequency-M512-K3-mean.csv
frequency,512,5,mean,compute,3,4.218333333333334,0.045763886781318555,4.17,4.261,6.01336e-05,e2442d329e9f3b4252eb7f7e382e688b226bc75b0fcddd124f951e40c63c3662,results/raw/A-20261006-195441-part81-cpu-local/frequency-M512-K5-mean.csv
frequency,512,5,mean,end_to_end,3,4.218333333333334,0.045763886781318555,4.17,4.261,6.01336e-05,e2442d329e9f3b4252eb7f7e382e688b226bc75b0fcddd124f951e40c63c3662,results/raw/A-20261006-195441-part81-cpu-local/frequency-M512-K5-mean.csv
frequency,512,7,mean,compute,3,9.841333333333333,0.2486651027654127,9.573,10.064,8.27685e-05,e2442d329e9f3b4252eb7f7e382e688b226bc75b0fcddd124f951e40c63c3662,results/raw/A-20261006-195441-part81-cpu-local/frequency-M512-K7-mean.csv
frequency,512,7,mean,end_to_end,3,9.841333333333333,0.2486651027654127,9.573,10.064,8.27685e-05,e2442d329e9f3b4252eb7f7e382e688b226bc75b0fcddd124f951e40c63c3662,results/raw/A-20261006-195441-part81-cpu-local/frequency-M512-K7-mean.csv
frequency,1024,3,mean,compute,3,8.777666666666667,0.6230765068058116,8.066,9.225,3.36394e-05,429054175403ec962bbf20dd3463ebe8a80f4ff0d0ff6ccc995d5f1bf246021d,results/raw/A-20261006-195441-part81-cpu-local/frequency-M1024-K3-mean.csv
frequency,1024,3,mean,end_to_end,3,8.777666666666667,0.6230765068058116,8.066,9.225,3.36394e-05,429054175403ec962bbf20dd3463ebe8a80f4ff0d0ff6ccc995d5f1bf246021d,results/raw/A-20261006-195441-part81-cpu-local/frequency-M1024-K3-mean.csv
frequency,1024,5,mean,compute,3,16.99,0.11385956261992235,16.86,17.072,7.86036e-05,429054175403ec962bbf20dd3463ebe8a80f4ff0d0ff6ccc995d5f1bf246021d,results/raw/A-20261006-195441-part81-cpu-local/frequency-M1024-K5-mean.csv
frequency,1024,5,mean,end_to_end,3,16.99,0.11385956261992235,16.86,17.072,7.86036e-05,429054175403ec962bbf20dd3463ebe8a80f4ff0d0ff6ccc995d5f1bf246021d,results/raw/A-20261006-195441-part81-cpu-local/frequency-M1024-K5-mean.csv
frequency,1024,7,mean,compute,3,38.713,0.21347365176995522,38.523,38.944,0.000118433,429054175403ec962bbf20dd3463ebe8a80f4ff0d0ff6ccc995d5f1bf246021d,results/raw/A-20261006-195441-part81-cpu-local/frequency-M1024-K7-mean.csv
frequency,1024,7,mean,end_to_end,3,38.713,0.21347365176995522,38.523,38.944,0.000118433,429054175403ec962bbf20dd3463ebe8a80f4ff0d0ff6ccc995d5f1bf246021d,results/raw/A-20261006-195441-part81-cpu-local/frequency-M1024-K7-mean.csv
frequency,2048,3,mean,compute,3,36.239333333333335,0.2847812025631828,35.997,36.553,3.70517e-05,0ff0e753019c9ec2004b5b043fa0e3c6de7b9ba9000b102ca52af3826c8384db,results/raw/A-20261006-195441-part81-cpu-local/frequency-M2048-K3-mean.csv
frequency,2048,3,mean,end_to_end,3,36.239333333333335,0.2847812025631828,35.997,36.553,3.70517e-05,0ff0e753019c9ec2004b5b043fa0e3c6de7b9ba9000b102ca52af3826c8384db,results/raw/A-20261006-195441-part81-cpu-local/frequency-M2048-K3-mean.csv
frequency,2048,5,mean,compute,3,67.724,0.7717998445192903,67.239,68.614,8.6531e-05,0ff0e753019c9ec2004b5b043fa0e3c6de7b9ba9000b102ca52af3826c8384db,results/raw/A-20261006-195441-part81-cpu-local/frequency-M2048-K5-mean.csv
frequency,2048,5,mean,end_to_end,3,67.724,0.7717998445192903,67.239,68.614,8.6531e-05,0ff0e753019c9ec2004b5b043fa0e3c6de7b9ba9000b102ca52af3826c8384db,results/raw/A-20261006-195441-part81-cpu-local/frequency-M2048-K5-mean.csv
frequency,2048,7,mean,compute,3,155.914,1.9913239314586544,153.693,157.54,0.000129806,0ff0e753019c9ec2004b5b043fa0e3c6de7b9ba9000b102ca52af3826c8384db,results/raw/A-20261006-195441-part81-cpu-local/frequency-M2048-K7-mean.csv
frequency,2048,7,mean,end_to_end,3,155.914,1.9913239314586544,153.693,157.54,0.000129806,0ff0e753019c9ec2004b5b043fa0e3c6de7b9ba9000b102ca52af3826c8384db,results/raw/A-20261006-195441-part81-cpu-local/frequency-M2048-K7-mean.csv
frequency,512,3,edge,compute,3,2.1646666666666667,0.04099186911246353,2.141,2.212,0.0,e2442d329e9f3b4252eb7f7e382e688b226bc75b0fcddd124f951e40c63c3662,results/raw/A-20261006-195441-part81-cpu-local/frequency-M512-K3-edge.csv
frequency,512,3,edge,end_to_end,3,2.1646666666666667,0.04099186911246353,2.141,2.212,0.0,e2442d329e9f3b4252eb7f7e382e688b226bc75b0fcddd124f951e40c63c3662,results/raw/A-20261006-195441-part81-cpu-local/frequency-M512-K3-edge.csv
frequency,512,3,sharpen,compute,3,2.309,0.0678454125199337,2.232,2.36,6.03423e-05,e2442d329e9f3b4252eb7f7e382e688b226bc75b0fcddd124f951e40c63c3662,results/raw/A-20261006-195441-part81-cpu-local/frequency-M512-K3-sharpen.csv
frequency,512,3,sharpen,end_to_end,3,2.309,0.0678454125199337,2.232,2.36,6.03423e-05,e2442d329e9f3b4252eb7f7e382e688b226bc75b0fcddd124f951e40c63c3662,results/raw/A-20261006-195441-part81-cpu-local/frequency-M512-K3-sharpen.csv
soft_scene,512,3,mean,compute,3,2.3046666666666664,0.0676781599434658,2.227,2.351,3.09274e-05,71044f70c9cf7a4059057c9fa48e0f608c588af347fd3475a55a214a9035026e,results/raw/A-20261006-195441-part81-cpu-local/soft_scene-M512-K3-mean.csv
soft_scene,512,3,mean,end_to_end,3,2.3046666666666664,0.0676781599434658,2.227,2.351,3.09274e-05,71044f70c9cf7a4059057c9fa48e0f608c588af347fd3475a55a214a9035026e,results/raw/A-20261006-195441-part81-cpu-local/soft_scene-M512-K3-mean.csv
soft_scene,512,5,mean,compute,3,4.285,0.015716233645501534,4.271,4.302,6.32927e-05,71044f70c9cf7a4059057c9fa48e0f608c588af347fd3475a55a214a9035026e,results/raw/A-20261006-195441-part81-cpu-local/soft_scene-M512-K5-mean.csv
soft_scene,512,5,mean,end_to_end,3,4.285,0.015716233645501534,4.271,4.302,6.32927e-05,71044f70c9cf7a4059057c9fa48e0f608c588af347fd3475a55a214a9035026e,results/raw/A-20261006-195441-part81-cpu-local/soft_scene-M512-K5-mean.csv
soft_scene,512,7,mean,compute,3,9.697666666666667,0.4051250835647341,9.374,10.152,0.000130873,71044f70c9cf7a4059057c9fa48e0f608c588af347fd3475a55a214a9035026e,results/raw/A-20261006-195441-part81-cpu-local/soft_scene-M512-K7-mean.csv
soft_scene,512,7,mean,end_to_end,3,9.697666666666667,0.4051250835647341,9.374,10.152,0.000130873,71044f70c9cf7a4059057c9fa48e0f608c588af347fd3475a55a214a9035026e,results/raw/A-20261006-195441-part81-cpu-local/soft_scene-M512-K7-mean.csv
soft_scene,1024,3,mean,compute,3,9.471666666666666,0.19722406884894458,9.263,9.655,3.21865e-05,3947c428a164ae4413002ada57096257eb83b6dc872d5dc07b66ec0f734fd9d5,results/raw/A-20261006-195441-part81-cpu-local/soft_scene-M1024-K3-mean.csv
soft_scene,1024,3,mean,end_to_end,3,9.471666666666666,0.19722406884894458,9.263,9.655,3.21865e-05,3947c428a164ae4413002ada57096257eb83b6dc872d5dc07b66ec0f734fd9d5,results/raw/A-20261006-195441-part81-cpu-local/soft_scene-M1024-K3-mean.csv
soft_scene,1024,5,mean,compute,3,17.272,0.15857805648954168,17.089,17.369,8.11666e-05,3947c428a164ae4413002ada57096257eb83b6dc872d5dc07b66ec0f734fd9d5,results/raw/A-20261006-195441-part81-cpu-local/soft_scene-M1024-K5-mean.csv
soft_scene,1024,5,mean,end_to_end,3,17.272,0.15857805648954168,17.089,17.369,8.11666e-05,3947c428a164ae4413002ada57096257eb83b6dc872d5dc07b66ec0f734fd9d5,results/raw/A-20261006-195441-part81-cpu-local/soft_scene-M1024-K5-mean.csv
soft_scene,1024,7,mean,compute,3,48.42933333333333,9.114695624832095,38.705,56.778,0.000131387,3947c428a164ae4413002ada57096257eb83b6dc872d5dc07b66ec0f734fd9d5,results/raw/A-20261006-195441-part81-cpu-local/soft_scene-M1024-K7-mean.csv
soft_scene,1024,7,mean,end_to_end,3,48.42933333333333,9.114695624832095,38.705,56.778,0.000131387,3947c428a164ae4413002ada57096257eb83b6dc872d5dc07b66ec0f734fd9d5,results/raw/A-20261006-195441-part81-cpu-local/soft_scene-M1024-K7-mean.csv
soft_scene,2048,3,mean,compute,3,36.829,0.23251021482937081,36.61,37.073,3.53605e-05,ccb2c37738256e435f4f6492085ad143a0455889315a1ca7686c9bf173b3b045,results/raw/A-20261006-195441-part81-cpu-local/soft_scene-M2048-K3-mean.csv
soft_scene,2048,3,mean,end_to_end,3,36.829,0.23251021482937081,36.61,37.073,3.53605e-05,ccb2c37738256e435f4f6492085ad143a0455889315a1ca7686c9bf173b3b045,results/raw/A-20261006-195441-part81-cpu-local/soft_scene-M2048-K3-mean.csv
soft_scene,2048,5,mean,compute,3,68.481,1.5025900971322812,66.75,69.449,7.91252e-05,ccb2c37738256e435f4f6492085ad143a0455889315a1ca7686c9bf173b3b045,results/raw/A-20261006-195441-part81-cpu-local/soft_scene-M2048-K5-mean.csv
soft_scene,2048,5,mean,end_to_end,3,68.481,1.5025900971322812,66.75,69.449,7.91252e-05,ccb2c37738256e435f4f6492085ad143a0455889315a1ca7686c9bf173b3b045,results/raw/A-20261006-195441-part81-cpu-local/soft_scene-M2048-K5-mean.csv
soft_scene,2048,7,mean,compute,3,159.24666666666667,2.405974300222948,157.042,161.813,0.000166107,ccb2c37738256e435f4f6492085ad143a0455889315a1ca7686c9bf173b3b045,results/raw/A-20261006-195441-part81-cpu-local/soft_scene-M2048-K7-mean.csv
soft_scene,2048,7,mean,end_to_end,3,159.24666666666667,2.405974300222948,157.042,161.813,0.000166107,ccb2c37738256e435f4f6492085ad143a0455889315a1ca7686c9bf173b3b045,results/raw/A-20261006-195441-part81-cpu-local/soft_scene-M2048-K7-mean.csv
soft_scene,512,3,edge,compute,3,2.263,0.12657408897558767,2.128,2.379,0.0,71044f70c9cf7a4059057c9fa48e0f608c588af347fd3475a55a214a9035026e,results/raw/A-20261006-195441-part81-cpu-local/soft_scene-M512-K3-edge.csv
soft_scene,512,3,edge,end_to_end,3,2.263,0.12657408897558767,2.128,2.379,0.0,71044f70c9cf7a4059057c9fa48e0f608c588af347fd3475a55a214a9035026e,results/raw/A-20261006-195441-part81-cpu-local/soft_scene-M512-K3-edge.csv
soft_scene,512,3,sharpen,compute,3,2.347,0.032908965343808744,2.31,2.373,5.6088e-05,71044f70c9cf7a4059057c9fa48e0f608c588af347fd3475a55a214a9035026e,results/raw/A-20261006-195441-part81-cpu-local/soft_scene-M512-K3-sharpen.csv
soft_scene,512,3,sharpen,end_to_end,3,2.347,0.032908965343808744,2.31,2.373,5.6088e-05,71044f70c9cf7a4059057c9fa48e0f608c588af347fd3475a55a214a9035026e,results/raw/A-20261006-195441-part81-cpu-local/soft_scene-M512-K3-sharpen.csv
