series,implementation,N,timing_scope,runs,mean_ms,std_ms,min_ms,max_ms,max_abs_error,source_csv
formal,cpu,256,compute,3,19.931150333333335,0.015668036422390584,19.913165,19.941841,6.82556e-05,results/raw/A-20261006-232110-matrix-aws/formal-cpu.csv
formal,cpu,256,end_to_end,3,19.931150333333335,0.015668036422390584,19.913165,19.941841,6.82556e-05,results/raw/A-20261006-232110-matrix-aws/formal-cpu.csv
formal,cpu,512,compute,3,190.18918433333332,0.46758542608205245,189.686582,190.611305,0.000213739,results/raw/A-20261006-232110-matrix-aws/formal-cpu.csv
formal,cpu,512,end_to_end,3,190.18918433333332,0.46758542608205245,189.686582,190.611305,0.000213739,results/raw/A-20261006-232110-matrix-aws/formal-cpu.csv
formal,cpu,1024,compute,3,3244.2807286666666,1.924567381600855,3243.095737,3246.501354,0.000560268,results/raw/A-20261006-232110-matrix-aws/formal-cpu.csv
formal,cpu,1024,end_to_end,3,3244.2807286666666,1.924567381600855,3243.095737,3246.501354,0.000560268,results/raw/A-20261006-232110-matrix-aws/formal-cpu.csv
formal,cpu,2048,compute,3,60545.615478,533.8987285326997,60158.548942,61154.699555,0.00160635,results/raw/A-20261006-232110-matrix-aws/formal-cpu.csv
formal,cpu,2048,end_to_end,3,60545.615478,533.8987285326997,60158.548942,61154.699555,0.00160635,results/raw/A-20261006-232110-matrix-aws/formal-cpu.csv
formal,naive,256,compute,3,0.06516266666666666,0.0004437897400045837,0.064672,0.065536,6.82556e-05,results/raw/A-20261006-232110-matrix-aws/formal-naive.csv
formal,naive,256,end_to_end,3,0.5272523333333333,0.004533029487366412,0.52347,0.532277,6.82556e-05,results/raw/A-20261006-232110-matrix-aws/formal-naive.csv
formal,naive,512,compute,3,0.44439466666666666,0.0020059006289777316,0.442176,0.44608,0.000213739,results/raw/A-20261006-232110-matrix-aws/formal-naive.csv
formal,naive,512,end_to_end,3,1.9319633333333333,0.045292268703757126,1.886029,1.976585,0.000213739,results/raw/A-20261006-232110-matrix-aws/formal-naive.csv
formal,naive,1024,compute,3,3.4664426666666666,0.0025403915708671803,3.463552,3.46832,0.000560268,results/raw/A-20261006-232110-matrix-aws/formal-naive.csv
formal,naive,1024,end_to_end,3,7.024929333333334,0.05154778665794773,6.966332,7.06328,0.000560268,results/raw/A-20261006-232110-matrix-aws/formal-naive.csv
formal,naive,2048,compute,3,31.391049666666667,0.9012785265334627,30.375551,32.095966,0.00160635,results/raw/A-20261006-232110-matrix-aws/formal-naive.csv
formal,naive,2048,end_to_end,3,43.60950866666667,0.888977322019147,42.613171,44.321603,0.00160635,results/raw/A-20261006-232110-matrix-aws/formal-naive.csv
supplementary,cpu,16,compute,3,0.002931,0.00024509793960782276,0.002648,0.003075,9.27325e-07,results/raw/A-20261006-232110-matrix-aws/supplementary-cpu.csv
supplementary,cpu,16,end_to_end,3,0.002931,0.00024509793960782276,0.002648,0.003075,9.27325e-07,results/raw/A-20261006-232110-matrix-aws/supplementary-cpu.csv
supplementary,cpu,32,compute,3,0.030621333333333334,0.000268261688157913,0.030378,0.030909,2.29289e-06,results/raw/A-20261006-232110-matrix-aws/supplementary-cpu.csv
supplementary,cpu,32,end_to_end,3,0.030621333333333334,0.000268261688157913,0.030378,0.030909,2.29289e-06,results/raw/A-20261006-232110-matrix-aws/supplementary-cpu.csv
supplementary,cpu,64,compute,3,0.232895,0.016906746611929813,0.213416,0.243759,9.38534e-06,results/raw/A-20261006-232110-matrix-aws/supplementary-cpu.csv
supplementary,cpu,64,end_to_end,3,0.232895,0.016906746611929813,0.213416,0.243759,9.38534e-06,results/raw/A-20261006-232110-matrix-aws/supplementary-cpu.csv
supplementary,cpu,128,compute,3,2.2438473333333335,0.004064357308767674,2.239637,2.247748,2.37226e-05,results/raw/A-20261006-232110-matrix-aws/supplementary-cpu.csv
supplementary,cpu,128,end_to_end,3,2.2438473333333335,0.004064357308767674,2.239637,2.247748,2.37226e-05,results/raw/A-20261006-232110-matrix-aws/supplementary-cpu.csv
supplementary,naive,16,compute,3,0.008458666666666666,0.0016641025609418836,0.006944,0.01024,9.27325e-07,results/raw/A-20261006-232110-matrix-aws/supplementary-naive.csv
supplementary,naive,16,end_to_end,3,0.169254,0.023495465030511736,0.152135,0.196041,9.27325e-07,results/raw/A-20261006-232110-matrix-aws/supplementary-naive.csv
supplementary,naive,32,compute,3,0.009322666666666667,0.00043563899427545935,0.008832,0.009664,3.38261e-06,results/raw/A-20261006-232110-matrix-aws/supplementary-naive.csv
supplementary,naive,32,end_to_end,3,0.17430433333333334,0.010700818395493562,0.165266,0.18612,3.38261e-06,results/raw/A-20261006-232110-matrix-aws/supplementary-naive.csv
supplementary,naive,64,compute,3,0.009290666666666666,0.0010947243184168936,0.008448,0.010528,9.38534e-06,results/raw/A-20261006-232110-matrix-aws/supplementary-naive.csv
supplementary,naive,64,end_to_end,3,0.18661833333333333,0.013227018610909006,0.177681,0.201813,9.38534e-06,results/raw/A-20261006-232110-matrix-aws/supplementary-naive.csv
supplementary,naive,128,compute,3,0.012533333333333334,0.00034514537999708685,0.012288,0.012928,2.07166e-05,results/raw/A-20261006-232110-matrix-aws/supplementary-naive.csv
supplementary,naive,128,end_to_end,3,0.25711833333333334,0.01619750957194758,0.240931,0.273326,2.07166e-05,results/raw/A-20261006-232110-matrix-aws/supplementary-naive.csv
