member,operation,implementation,N,M,K,filter,timing_scope,run,time_ms,correct,max_abs_error
A,matrix,naive,256,,,,compute,1,0.065536,true,6.82556e-05
A,matrix,naive,256,,,,end_to_end,1,0.532277,true,6.82556e-05
A,matrix,naive,256,,,,compute,2,0.064672,true,6.82556e-05
A,matrix,naive,256,,,,end_to_end,2,0.523470,true,6.82556e-05
A,matrix,naive,256,,,,compute,3,0.065280,true,6.82556e-05
A,matrix,naive,256,,,,end_to_end,3,0.526010,true,6.82556e-05
A,matrix,naive,512,,,,compute,1,0.446080,true,0.000213739
A,matrix,naive,512,,,,end_to_end,1,1.976585,true,0.000213739
A,matrix,naive,512,,,,compute,2,0.442176,true,0.000213739
A,matrix,naive,512,,,,end_to_end,2,1.933276,true,0.000213739
A,matrix,naive,512,,,,compute,3,0.444928,true,0.000213739
A,matrix,naive,512,,,,end_to_end,3,1.886029,true,0.000213739
A,matrix,naive,1024,,,,compute,1,3.467456,true,0.000560268
A,matrix,naive,1024,,,,end_to_end,1,7.045176,true,0.000560268
A,matrix,naive,1024,,,,compute,2,3.468320,true,0.000560268
A,matrix,naive,1024,,,,end_to_end,2,7.063280,true,0.000560268
A,matrix,naive,1024,,,,compute,3,3.463552,true,0.000560268
A,matrix,naive,1024,,,,end_to_end,3,6.966332,true,0.000560268
A,matrix,naive,2048,,,,compute,1,32.095966,true,0.00160635
A,matrix,naive,2048,,,,end_to_end,1,44.321603,true,0.00160635
A,matrix,naive,2048,,,,compute,2,30.375551,true,0.00160635
A,matrix,naive,2048,,,,end_to_end,2,42.613171,true,0.00160635
A,matrix,naive,2048,,,,compute,3,31.701632,true,0.00160635
A,matrix,naive,2048,,,,end_to_end,3,43.893752,true,0.00160635
